task_id,course_id,concept,title,semester,week,type,length,audience,depth,scope,guidance,inquiry,sources,source_note,source_status,source_format,skills,subskills,free_note,desc,file_url,community,genre
4010,3017,לאומיות,לאומיות סלובנית,א,4,ניתוח טקסט,שני עמודים,אקדמי,קישור לידע אחר,רכיב בודד,מכוון,אמפירי,תיאוריות לאומיות,פרימורדיאליזם מול מודרניזם; ההוגים טעונים אימות,משני,מאמר עיתונאי או כתבה,ניתוח מקורות | הבנה מושגית | כתיבה אקדמית,כריית עדויות מחומר גולמי | יישום על מקרה חדש | היבטים מבניים | הגדרה מדויקת,נשענת על מדריך כתיבה ותרגול ייעודי,"לחלץ עדויות מכתבה על לאומיות סלובנית, ולפרשן דרך מסגרות הלאומיות.",https://bgu365.sharepoint.com/:b:/s/-_bcadee/IQCPqtJCO0F1S5WCm4EHhjASATCZEhEkIoFCRVbSCY7IRiw?e=agVtUD,מחקר אקדמי,ניתוח טקסט
4011,3017,ייצוג ועוצמה,אוריינטליזם,א,9,עבודה,שני עמודים,אקדמי,ביקורת והכרעה,תוצר חלקי,פתוח,תיאורטי־פילוסופי,סעיד,מסגרת האוריינטליזם; המאמר מאותר עצמאית,משני,מאמר שפיט,ניתוח מקורות | כתיבה אקדמית | מיומנויות מחקר | ביקורת והערכה,עיצוב מחקר | הכרעה בין עמדות | תוקף לוגי | בניית טיעון,איתור ספרות עצמאי,"לאתר עצמאית מאמר אקדמי, ולהעריכו לאור מסגרת סעיד על היחס בין ייצוג לעוצמה.",,מחקר אקדמי,חיבור אקדמי
4005,3012,הגמוניה,ניתוח ציוצים,ב,6,ניתוח טקסט,1000 מילה,אקדמי,קישור לידע אחר,רכיב בודד,מכוון,אמפירי,גראמשי | קימרלינג,מושג ההגמוניה; מקור ראשוני עכשווי,ראשוני,ציוץ או פוסט,ניתוח מקורות | הבנה מושגית | כתיבה אקדמית,הגדרה מדויקת | יישום על מקרה חדש | כריית עדויות מחומר גולמי | בניית טיעון,מקור ראשוני עכשווי,"לנתח שלושה ציוצים עכשוויים דרך מושג ההגמוניה, תוך הבחנה בין השימוש העממי במושג להגדרתו האקדמית.",,מחקר אקדמי,ניתוח טקסט
4007,3012,שיטת בחירות ומשבר,שיטת הבחירות,ב,9,עבודה,1000 מילה,אקדמי,פרשנות,תוצר חלקי,פתוח,אמפירי,,ללא מקור ראשוני מוגדר,,,כתיבה אקדמית | ביסוס קשרים סיבתיים,הצעת מנגנון | מתאם מול סיבתיות | בניית טיעון | לכידות וקוהרנטיות,,לדון בקשר שבין המשבר הפוליטי לתוצאות הבחירות האחרונות בישראל.,https://bgu365.sharepoint.com/:w:/s/-_bcadee/IQDGcG7nW6nmTZVZ-y2KyCTgASL1ySeCVN2zjFbTwEY4K6s?e=Pvcrd6,מחקר אקדמי,חיבור אקדמי
4013,3012,מגמות גיוס,מגמות גיוס (רשות),ב,12,ניתוח טקסט,עמוד וחצי,אקדמי,קישור לידע אחר,רכיב בודד,מכוון,אמפירי,יגיל לוי,המשוואה הרפובליקנית,משני,מאמר עיתונאי או כתבה,ניתוח מקורות | הבנה מושגית | ביסוס קשרים סיבתיים,יישום על מקרה חדש | הצעת מנגנון | הבחנה בין תיאור לפרשנות | הגדרה מדויקת,מטלת רשות,"לנתח פרשנות פוליטית עכשווית באמצעות מודל סוציולוגי, ולזהות אילו תהליכים עיצבו את מגמות הגיוס.",,מחקר אקדמי,ניתוח טקסט
4000,3016,מוסדות ותוצאות,מבחן,א,13,מבחן,בחינה,אקדמי,חילוץ ופירוק,רכיב בודד,מובנה מלא,אמפירי,הייג והרופ,ערכת הכלים ההשוואתית,משני,ספר או פרק,הבנה מושגית | ביסוס קשרים סיבתיים,יישום על מקרה חדש | מתאם מול סיבתיות | הגדרה מדויקת,91% מהציון בבחינות,"לקשר בין מוסדות פוליטיים לתוצאותיהם, ולהפעיל את הכלים ההשוואתיים על מקרים נתונים.",,מחקר אקדמי,בחינה
4018,3016,מדינתיות,תרגיל 1 — מדינתיות בניגריה ובהודו,א,2,עבודה,600 מילה,אקדמי,קישור לידע אחר,תוצר חלקי,מכוון,אמפירי,"ספר המדינות (ניגריה, הודו) | הייג והרופ",הייג והרופ פרקים 1-2; פרקי ניגריה והודו; חומר שיעור 2,משני,ספר או פרק,השוואה | ביסוס קשרים סיבתיים | הבנה מושגית,יישום על מקרה חדש | מיקום עמדות על הציר | זיהוי המשותף והמבחין | הצעת מנגנון,"עובר/לא עובר, 3 מתוך 5; ציר השוואה נתון; איסור על סקירה היסטורית; אינו באינדקס — שויך ל-3016 לפי שם הקובץ",להסביר בחיבור השוואתי קצר את הפערים במדינתיות של ניגריה והודו באמצעות מושגי הקורס.,https://bgu365.sharepoint.com/:w:/s/-_bcadee/IQDFHbyMNpWqTrwG04yUwE91AWF4egOxmZezHiuZlxQM5E8?e=vmCFCG,מחקר אקדמי,חיבור השוואתי
4019,3016,תפקידי החוקה,"תרגיל 2 — חוקות ארה""ב צרפת ורוסיה",א,4,ניתוח טקסט,600 מילה,אקדמי,פרשנות,תוצר חלקי,מובנה מלא,אמפירי,"חוקת ארה""ב | חוקת צרפת | חוקת רוסיה | הייג והרופ",החוקות עצמן במקור (באנגלית); הייג והרופ פרק 13; פרקי המדינות רקע בלבד; שאלה אחת ללא חומר עזר,ראשוני | משני,מסמך רשמי או חוק | ספר או פרק,ניתוח מקורות | השוואה | הבנה מושגית,כריית עדויות מחומר גולמי | הבחנה בין תיאור לפרשנות | זיהוי המשותף והמבחין | הכרעה מנומקת,"עובר/לא עובר, 3 מתוך 5; מענה בשאלות נפרדות ולא כחיבור; גבולי בין פרשנות לקישור; אינו באינדקס","לקרוא ישירות בשלוש חוקות ולענות על שאלות מובנות על תפקידיהן, הבדליהן ומשמעות סעיפיהן.",https://bgu365.sharepoint.com/:w:/s/-_bcadee/IQCsz6lCQyACRr-cZjCEX8egAQyWZB5AN7i_3uUAopHMHYg?e=YgqCXN,מחקר אקדמי,עבודה בשאלות מובנות
4020,3016,פדרליזם ורמות שלטון,תרגיל 3 — רמות השלטון ומסגרת פדרלית בישראל,א,6,ניתוח טקסט,600 מילה,אקדמי,קישור לידע אחר,תוצר חלקי,מכוון,משולב,תוכנית אלומות | כתבת דה-מרקר | הייג והרופ,חומר גולמי עכשווי: תוכנית מדיניות וכתבה; הייג והרופ פרק 14; דוגמאות מספר המדינות מותנות; לקחי תרגיל 1 כעוגן,ראשוני | משני,ספרות אפורה | מאמר עיתונאי או כתבה | ספר או פרק,הבנה מושגית | ביקורת והערכה | ניתוח מקורות | השוואה,יישום על מקרה חדש | שיפוט נורמטיבי | כריית עדויות מחומר גולמי | זיהוי הטענה המרכזית,"עובר/לא עובר, 3 מתוך 5; להציג ולא להסביר — נוסחת חלק הניתוח במבחן; נשען במפורש על תרגיל 1; אינו באינדקס",להציג את תוכנית אלומות לפדרליזציה של ישראל ולדון בה לאור מושגי רמות השלטון ולקחי תרגיל 1.,https://bgu365.sharepoint.com/:w:/s/-_bcadee/IQAlZBQf492_R5_TgOWgpl3IAZDHD44OnHF-Ema_Vo-00W8?e=lKdHlH,מחקר אקדמי,חיבור אקדמי
4021,3016,נשיאותיות מול פרלמנטריזם,תרגיל 4 — הצעה למשטר נשיאותי בישראל,א,7,ניתוח טקסט,600 מילה,אקדמי,קישור לידע אחר,תוצר חלקי,מכוון,משולב,מאמר השילוח | הייג והרופ,מאמר דעה בשילוח (2023) כאובייקט הניתוח; הייג והרופ פרקים 15-16; דוגמאות מספר המדינות מותנות,ראשוני | משני,מאמר עיתונאי או כתבה | ספר או פרק,הבנה מושגית | ביקורת והערכה | ניתוח מקורות | השוואה,זיהוי הטענה המרכזית | יישום על מקרה חדש | שיפוט נורמטיבי | זיהוי המשותף והמבחין,"עובר/לא עובר, 3 מתוך 5; מבנה זהה לתרגיל 3 על טיעון פובליציסטי; דיון ללא הכרעה; אינו באינדקס",להציג הצעה לכינון משטר נשיאותי בישראל ולדון בה לאור התיאוריה המוסדית ההשוואתית ולקחי התרגילים.,https://bgu365.sharepoint.com/:w:/s/-_bcadee/IQAOfaE2zdI-QqvlWtKUeSmJASqBR5aou-dhU-69d8aOmCA?e=4X1jfT,מחקר אקדמי,חיבור אקדמי
4022,3016,תרבות פוליטית כהסבר חלופי,תרגיל 5 — תרבות פוליטית במבט השוואתי,א,0,עבודה,600 מילה,אקדמי,קישור לידע אחר,תוצר חלקי,מכוון,משולב,"הייג והרופ | ספר המדינות (גרמניה, רוסיה/סין)",הייג והרופ פרק 6 (אלמונד וורבה מתווכים); פרק גרמניה; רוסיה או סין לבחירת הסטודנט; גזירה מחומר שאינו מותאם לתיאוריה,משני,ספר או פרק,הבנה מושגית | ביסוס קשרים סיבתיים | השוואה | עמדה אפיסטמולוגית,יישום על מקרה חדש | הסברים חלופיים | זיהוי המשותף והמבחין | דעה מול טענה מבוססת,"עובר/לא עובר, 3 מתוך 5; שבוע 0 — נושא שונה מ'תרגיל 5' שבסילבוס (מערכת אלקטורלית, 30/12); ספקולציה מוצהרת בשאלה 3; SOLO גבולי מופשט-מורחב; אינו באינדקס",ליישם את תיאוריית התרבות האזרחית על גרמניה ומדינה נבחרת ולהעריך את משקל ההסבר התרבותי מול המוסדי.,https://bgu365.sharepoint.com/:w:/s/-_bcadee/IQBayvFNrSrDRIrGFRqdsjQ7AcKUzMdw9R_tmzm2AV--x2E?e=Wb4lIb,מחקר אקדמי,עבודה בשאלות מובנות
4023,3014,השפעת אירוע היסטורי על ההווה,מטלת בונוס — אירוע היסטורי והשפעתו על ההווה,א+ב,0,תוצר אותנטי,סרטון עד 5 דקות + מצגת + ביבליוגרפיה,אקדמי,ביקורת והכרעה,תוצר שלם,מכוון,אמפירי,מאמר אמפירי שפיט (בחירת הסטודנט) | חומרי הקורס | כתבה חדשותית (רשות),"מאמר אמפירי שפיט מהעשור האחרון (סקרים/ראיונות/אתנוגרפיה) שהסטודנט מאתר בעצמו במאגרים אקדמיים, בשילוב חומרי הקריאה מהסילבוס; כתבה עיתונאית לגיטימית כתוספת רשות שאינה מחליפה מקור אקדמי",משני,מאמר שפיט,ביקורת והערכה | ביסוס קשרים סיבתיים | ניתוח מקורות | מיומנויות מחקר,חולשות בראיות | תוקף לוגי | פירוק מבנה הטיעון | הצעת מנגנון,"מטלת בונוס עד 5 נק' (רשות); בסילבוס רק מבחן אמצע+מסכם 50/50 והבונוס אינו מופיע בו — לכן שבוע 0; דרישת ביקורת והערכת מחקר אמפירי גבוהה וחריגה לקורס מבוא שנה א'; תוצר חזותי-תקשורתי (סרטון+מצגת); הסטודנט מאתר את המקור האמפירי בעצמו; סמסטר פרשני — קורס שנתי, המסגור סביב 'מדינות' נוטה לסמסטר ב'; שורת 4023 באינדקס ריקה, הקישור לקורס 3014 נגזר מכותרת הקובץ","לבחור מדינה ואירוע היסטורי מן הקורס, לאתר מחקר אמפירי שפיט על השפעת האירוע על ההווה, ולהעריך בסרטון את חוזקות המחקר וחולשותיו",https://bgu365.sharepoint.com/:w:/s/-_bcadee/IQAiy0njoxBaTIoB43Vt7I07AcTwVorY-gtomv8RnSElJLM?e=Z1gwi6,מחקר אקדמי,סרטון הסברתי
4030,3007,אתיקה מול פוליטיקה,תרגיל 1 — מקיאוולי,א,5,ניתוח טקסט,500 מילה,אקדמי,פרשנות,רכיב בודד,מכוון,תיאורטי־פילוסופי,מקיאוולי,"הנסיך פרקים א-ב, יד-יט; הטענה המרכזית (""ללמוד לא להיות טוב"") וההבחנה להיות/להיראות ניתנות בשאלה",ראשוני,ספר או פרק,ניתוח מקורות | הבנה מושגית | כתיבה אקדמית,פירוק מבנה הטיעון | הבחנה בין תיאור לפרשנות | יחסים בין מושגים | בניית טיעון,ציטוט כאובייקט ניתוח: חובה שני ציטוטים לפחות והסבר הניסוח; ברירה ודחיסה מתוך שמונה פרקים; הגשה 30.11.2025; שבוע לפי שיעורים 4-5 בסילבוס — גבולי; אחד מ-4 תרגילים ש-3 הטובים נספרים (8% כל אחד); אינו באינדקס — שויך ל-3007 לפי מספר הקורס 138-1-0131,"לנתח טקסטואלית את פרקי הנסיך ולהראות, באמצעות שני ציטוטים לפחות, כיצד מקיאוולי מעצב את היחס בין אתיקה לפוליטיקה.",https://bgu365.sharepoint.com/:b:/s/-_bcadee/IQD3flwVwM4xTaapz4Q3h5mbAXQwJJXQjtq1cJFSxI5dBOk?e=easWVK,מחקר אקדמי,ניתוח טקסט
4031,3007,סמכות לגיטימית,"תרגיל 2 — הובס ולוק (תשפ""ו)",א,9,ניתוח טקסט,600 מילה,אקדמי,קישור לידע אחר,רכיב בודד,מכוון,תיאורטי־פילוסופי,הובס | לוק,"לויתן פרקים יג-טו, יז-יח; המסכת השנייה פרקים ב-ה; הגדרת האנרכיסט ניתנת במטלה כציר ייחוס",ראשוני,ספר או פרק,ניתוח מקורות | הבנה מושגית | כתיבה אקדמית | השוואה,פירוק מושג לרכיביו | מיקום עמדות על הציר | זיהוי המשותף והמבחין | פירוק מבנה הטיעון,"גרסת תשפ""ו של 4006 (תשפ""א): שאלה זהה, ההיקף הורחב מ-550 ל-600 מילה; ציר ההשוואה נתון ולא נבחר; מראי מקום חובה, ציטוטים רשות; הגשה 4.1.2026; אינו באינדקס — שויך ל-3007","להשוות בין עמדות הובס ולוק ולמקם אותן מול עמדת האנרכיסט שהגדרתה ניתנת במטלה, בביסוס על מראי מקום מהטקסט.",https://bgu365.sharepoint.com/:b:/s/-_bcadee/IQDYsWnuU9zERK7DMnuzcNc3Aa_PH2-Z6Xnw4qqDj6d9KXE?e=kG7bBW,מחקר אקדמי,ניתוח טקסט
4032,3007,זכויות מול שחרור,"תרגיל 3 — מרקס (תשפ""ו)",ב,5,ניתוח טקסט,550 מילה,אקדמי,פרשנות,רכיב בודד,מכוון,תיאורטי־פילוסופי,מרקס ואנגלס,המניפסט הקומוניסטי עמ' 39-64; ציטוטים חובה; עמדת הזכויות מוצגת בשאלה כמובן־מאליו שיש לעקוב אחר ערעורו,ראשוני,ספר או פרק,ניתוח מקורות | הבנה מושגית | כתיבה אקדמית,זיהוי הטענה המרכזית | פירוק מבנה הטיעון | יחסים בין מושגים | בניית טיעון,זהה בתוכנו ובמועדו ל-4008 — כפילות אפשרית בדשבורד; שאלה כפולה: מהי הדרך לשחרור וכיצד מבוססת הטענה; עומק גבולי בין פרשנות לקישור; 550 מילה ללא ביבליוגרפיה; הגשה 17.5.2026; אינו באינדקס — שויך ל-3007,"לשחזר מתוך המניפסט את דרך השחרור האמיתי לפי מרקס ואנגלס, מעבר לזכויות פורמליות, ולפרק את האופן שבו הם מבססים טענה זו.",https://bgu365.sharepoint.com/:b:/s/-_bcadee/IQCRk3HkRwE-T5wPORpakzKnATbe0ZuAdn7jExbOhGwmmOk?e=PAhAKV,מחקר אקדמי,ניתוח טקסט
4033,3007,היחיד והקהילה המדינית,תרגיל 4 — אריסטו,ב,13,ניתוח טקסט,550 מילה,אקדמי,קישור לידע אחר,רכיב בודד,מכוון,תיאורטי־פילוסופי,אריסטו | מיל,פוליטיקה ספר א 1-7 (ספרים ב-ג רשות); מיל על החירות פרק ג כדוגמה לתפיסה אינדיבידואליסטית — פרק שאינו בקריאת הסילבוס; הציטוט המרכזי ניתן בשאלה,ראשוני,ספר או פרק,ניתוח מקורות | הבנה מושגית | השוואה | כתיבה אקדמית,הגדרה מדויקת | יחסים בין מושגים | מיקום עמדות על הציר | זיהוי המשותף והמבחין,כיוון התשובה פתוח (מתיישבת או מבקרת); הצד האינדיבידואליסטי מוגדר כדוגמה בלבד ועל הסטודנט לנסחו; עומק גבולי בין קישור לביקורת; תרגיל רביעי — ניתן לוויתור (3 הטובים נספרים); הגשה 21.6.2026; אינו באינדקס — שויך ל-3007,"לבחון אם טענת אריסטו שהאדם הוא מטבעו בעל חיים מדיני מתיישבת עם תפיסות אינדיבידואליסטיות של האדם או מבקרת אותן, בעיגון טקסטואלי.",https://bgu365.sharepoint.com/:b:/s/-_bcadee/IQBCcDhznbh6R5sM2Lja4Qp-Ad-GDvBaKoqDgNlo3hMJutM?e=gA3Mdd,מחקר אקדמי,ניתוח טקסט
4035,3018,הסבר הצטרפות לברית,"עבודה 1 — מדוע הצטרפה המדינה לנאט""ו",א,0,עבודה,עד 4 עמודים,אקדמי,קישור לידע אחר,תוצר חלקי,מכוון,אמפירי,מורגנטאו | וולץ | לובל | קוהיין וניי | קאנט,"מאמרי הקורס בריאליזם ובליברליזם (במודל; אינם נקובים במטלה — זוהו מהסילבוס, שיעורים 3-5); נתונים עצמאיים מהמרשתת ו-AI עם הכוונה לעיתונות ולדו""חות ולאימות אמיתותם",משני,מאמר שפיט | ספר או פרק | מאמר עיתונאי או כתבה | ספרות אפורה,הבנה מושגית | ביסוס קשרים סיבתיים | השוואה | מיומנויות מחקר,יישום על מקרה חדש | הסברים חלופיים | הכרעה מנומקת | הצגת ממצאים,"זוגות/קבוצות 2-3 בשיבוץ המתרגלים; שני שלבים: הצגה בכיתה ואז עבודה כתובה; AI מותר ורצוי לאיסוף נתונים, הכתיבה עצמית; עומק גבולי (קישור↔ביקורת והכרעה); שבוע 0 — אין מועד הגשה במטלה ואין לוח תאריכים לסמסטר א׳ בסילבוס; כותרת המטלה ""יולי 2026"" סותרת את שם הקובץ ""דצמבר""; אינו באינדקס — שויך ל-3018 לפי שם קובץ הסילבוס","לנתח בזוג, דרך הגישות הריאליסטית והליברלית, את החלטתה של מדינה נתונה להצטרף לנאט""ו, להציג את הממצאים בכיתה ולהכריע בכתב איזו גישה מסבירה את ההחלטה טוב יותר.",https://bgu365.sharepoint.com/:w:/s/-_bcadee/IQAr40F659pdT7U95OjnddeNAX0OP8daSfDLJ94A6BZCpZI?e=8AVhmJ,מחקר אקדמי,חיבור אקדמי | הצגה בעל-פה
4036,3018,עוצמה רכה ועוצמה קשה,"עבודה 2 — שבדיה, טורקיה ולכידת מאדורו",א,0,עבודה,3 עמודים ברווח כפול,אקדמי,קישור לידע אחר,רכיב בודד,מובנה מלא,אמפירי,אדלר (מצוטט אצל Gheciu) | מאמרי הריאליזם | מאמר ליברלי אחד | ניי,"מאמרי הקורס במודל (ניי ומאמרי העוצמה זוהו מהסילבוס, שיעור 8); שתי כתבות מהתקשורת לבחירת הסטודנט על לכידת מאדורו; ציטוט אדלר הקונסטרוקטיביסטי פותח את המטלה ללא שאלה צמודה",ראשוני | משני,מאמר שפיט | ספר או פרק | מאמר עיתונאי או כתבה,הבנה מושגית | ביסוס קשרים סיבתיים | ניתוח מקורות,יישום על מקרה חדש | הצעת מנגנון | יחסים בין מושגים | כריית עדויות מחומר גולמי,מוצהר כתרגול לקראת המבחן; שלושה רכיבים בלתי תלויים (רב-נקודתי); מקרה אקטואלי בזמן אמת; גבולי בין מובנה מלא למכוון; מועד הגשה 21.1.2026 — שבוע 0 כי לסמסטר א׳ בסילבוס אין לוח תאריכים; אינו באינדקס — שויך ל-3018 לפי שם קובץ הסילבוס,"להסביר במונחי הריאליזם את אי-הצטרפות שבדיה ואת צירוף טורקיה לנאט""ו, להציג הצדקה ליברלית לצירוף טורקיה, ולנתח דרך שתי כתבות את משמעות לכידת מאדורו למעמד ארה""ב במונחי עוצמה רכה וקשה.",https://bgu365.sharepoint.com/:w:/s/-_bcadee/IQDJrjE3iccqRaS5ahgte3euAceS4wzSb3A7eKogzAft-Yg?e=vti04C,מחקר אקדמי,עבודה בשאלות מובנות
4037,3018,פעולה קולקטיבית,עבודה 3 — סגירת USAID ודילמת הפעולה הקולקטיבית,ב,11,עבודה,עד 6 עמודים,אקדמי,קישור לידע אחר,תוצר חלקי,מכוון,אמפירי,ניי | איקנברי | הרדין | נורדהאוס | קרונין | פיי | חראס,"מאמרי הקורס (אינם נקובים במטלה — זוהו מהסילבוס, סמסטר ב׳ שיעורים 2, 6, 7, 10); כתבה מצוטטת בגוף המטלה; מקרה נבחר שנחקר עצמאית — AI מותר לסעיף א׳ בלבד עם חובת הצלבה",ראשוני | משני,מאמר עיתונאי או כתבה | מאמר שפיט | ספר או פרק,הבנה מושגית | ביסוס קשרים סיבתיים | מיומנויות מחקר,יישום על מקרה חדש | הצעת מנגנון | יחסים בין מושגים | בניית כלי ואיסוף,"קבוצות 2-3; משרתי מילואים פעילים פטורים; מושג אחד מחבר את יחידות סמסטר ב׳ (הגמוניה, סין, טרור, הגירה, סביבה); עומק והיקף גבוליים (קישור↔ביקורת והכרעה; חלקי↔שלם); שבוע 11 נגזר מהתאריך 24.6 בלוח סמסטר ב׳ בסילבוס; אי-התאמות פנימיות: כותרת ""מאי 2025"" מול ציטוט מ-19.5.2026, וציטוט המיוחס לניו יורק טיימס עם הפניה להארץ; אינו באינדקס — שויך ל-3018 לפי שם קובץ הסילבוס","לחקור בקבוצה דוגמה אחת להשלכות סגירת USAID, ולדון דרך מאמרי הקורס ברלוונטיות של דילמת הפעולה הקולקטיבית, בהשלכות על טרור, הגירה וסביבה, במשמעות להגמוניה האמריקאית ובאפשרות שסין או אירופה ימלאו את מקומה.",https://bgu365.sharepoint.com/:w:/s/-_bcadee/IQAeUPkllXt6T52J2YEbTAkJAXAYLL4Ir63do9jQoUYgcmY?e=QqpZWZ,מחקר אקדמי,עבודה בשאלות מובנות
4043,3016,הפרדת רשויות מול משילות,"תרגיל 6 — ניתוח בג""ץ חוק ההסדרים",א,12,ניתוח טקסט,700 מילה,אקדמי,קישור לידע אחר,רכיב בודד,מובנה מלא,משולב,"בג""ץ 4885/03 (חוק ההסדרים) | תוספת השופט חשין","פסק הדין במקור, סעיפים 1-29 ותוספת השופט חשין סעיפים 1-9; אין הפניה לחומר קריאה נוסף; מושג ""הציפיות הכפולות"" נשען על חומר השיעור",ראשוני,מסמך רשמי או חוק,ניתוח מקורות | הבנה מושגית | ביסוס קשרים סיבתיים,פירוק מבנה הטיעון | יישום על מקרה חדש | הצעת מנגנון | הסברים חלופיים,"אינו באינדקס — שויך ל-3016 לפי כותרת המטלה (פוליטיקה השוואתית, תרגיל 6); הבקשה ציינה 3017 — דורש אימות; מטלה משנת תשע""ד שאינה מופיעה בסילבוס תשפ""ו (חמישה תרגילים בלבד); שבוע 12 לפי מיפוי 12/1 על לוח תשפ""ו; ארבע שאלות נפרדות; מקרה ישראלי יחיד ללא השוואה; פרשנות ולא הכרעה; היקף גבולי בין רכיב בודד לתוצר חלקי","לקרוא פרקים נבחרים מבג""ץ חוק ההסדרים ולהשיב על ארבע שאלות: כיצד החוק משמש להתמודדות עם הציפיות הכפולות, איזה אתגר הוא מציב להפרדת הרשויות, מדוע ממשלות מכל הרכב ממשיכות להשתמש בו, ומדוע נמנע בית המשפט מלפסול אותו.",,מחקר אקדמי,עבודה בשאלות מובנות
4044,3006,"עמדה, טענה וביסוס",משימה 1 — מסקרנות ומעמדה לטיעון ראשוני,א,1,רפלקציה,תשובות קצרות בגיליון,אקדמי,חילוץ ופירוק,רכיב בודד,מובנה מלא,לא רלוונטי,לא צוין,"ניסיון, התרשמות וערכים של הסטודנט עצמו כחומר הגלם; אין קריאה מחייבת במטלה",לא צוין,לא צוין,עמדה אפיסטמולוגית | ניתוח מקורות | מיומנויות מחקר,דעה מול טענה מבוססת | פירוק מבנה הטיעון | ערעור המובן־מאליו | עיצוב מחקר,"אינו באינדקס — שויך ל-3006 לפי הנחיית המשתמש; גרסת תשפ""ז — אינה תואמת את סילבוס תשפ""ה שבמאגר; ללא חובת הגשה וללא ציון; Google Sheets משותף; מתנקזת ל-4048; ניתוח טיעון מופעל על עמדת הסטודנט עצמו; כאן נבחר מחקר יחידני או בזוג","לפרק תגובה ראשונית לתופעה פוליטית לטענה, נימוק, ביסוס והתנגדות, ולגזור ממה שעדיין אינו ידוע שאלה ראשונית.",https://bgu365.sharepoint.com/:w:/s/-_bcadee/IQDi_5Ye11RnQLv1F1c7MZO8AUvToPcIngvvUbsmH4h1Wec?e=9kEKhN,מחקר אקדמי,דף עבודה מחקרי
4045,3006,שאלת מחקר כמותית,משימה 2 — ניסוח שאלת מחקר כמותית,א,2,עבודה,תשובות קצרות בגיליון,אקדמי,חילוץ ופירוק,רכיב בודד,מובנה מלא,אמפירי,לא צוין,אין קריאה מחייבת במטלה,לא צוין,לא צוין,מיומנויות מחקר | הבנה מושגית | עמדה אפיסטמולוגית,עיצוב מחקר | יישום על מקרה חדש | דעה מול טענה מבוססת,"אינו באינדקס — שויך ל-3006 לפי הנחיית המשתמש; גרסת תשפ""ז — אינה תואמת את סילבוס תשפ""ה שבמאגר; ללא חובת הגשה וללא ציון; Google Sheets; מתנקזת ל-4048; עומק גבולי מול פרשנות; סוג שאלה 'השפעה' מוצע כאן ונבלם רק ב-4054","לפרק תופעה ליחידת ניתוח, משתנים, אוכלוסייה והקשר ולנסח שאלה כמותית פתוחה לתוצאות שונות.",https://bgu365.sharepoint.com/:w:/s/-_bcadee/IQDi_5Ye11RnQLv1F1c7MZO8AUvToPcIngvvUbsmH4h1Wec?e=9kEKhN,מחקר אקדמי,דף עבודה מחקרי
4046,3006,שאלת מחקר איכותנית,משימה 3 — ניסוח שאלת מחקר איכותנית,א,3,עבודה,תשובות קצרות בגיליון,אקדמי,חילוץ ופירוק,רכיב בודד,מובנה מלא,אמפירי,לא צוין,אין קריאה מחייבת במטלה,לא צוין,לא צוין,מיומנויות מחקר | עמדה אפיסטמולוגית,עיצוב מחקר | מודעות לעמדת הדובר | ערעור המובן־מאליו,"אינו באינדקס — שויך ל-3006 לפי הנחיית המשתמש; גרסת תשפ""ז — אינה תואמת את סילבוס תשפ""ה שבמאגר; ללא חובת הגשה וללא ציון; Google Sheets; חובה: אותה תופעה כמו 4045 — השוואת הגיונות מחקר סמויה; עומק גבולי מול פרשנות; מתנקזת ל-4048","לנסח על אותה תופעה שאלה איכותנית פתוחה המבקשת להבין משמעות או תהליך מנקודת מבט מוגדרת, ולבדוק שאינה מניחה את התשובה.",https://bgu365.sharepoint.com/:w:/s/-_bcadee/IQDi_5Ye11RnQLv1F1c7MZO8AUvToPcIngvvUbsmH4h1Wec?e=9kEKhN,מחקר אקדמי,דף עבודה מחקרי
4047,3006,ידע ממוקם ורפלקסיביות,משימה 4 — מאיפה אני מתבונן? ידע ממוקם ואחריות מחקרית,א,4,רפלקציה,3–4 משפטים בגיליון,אקדמי,קישור לידע אחר,רכיב בודד,מכוון,משולב,האראוויי — ידע ממוקם,האראוויי מוזכר כנקודת מוצא; הקריאה עצמה אינה מפורטת במטלה,ראשוני,מאמר שפיט,עמדה אפיסטמולוגית | ביקורת והערכה | מיומנויות מחקר,מודעות לעמדת הדובר | ערעור המובן־מאליו | חולשות בראיות | עיצוב מחקר,"אינו באינדקס — שויך ל-3006 לפי הנחיית המשתמש; גרסת תשפ""ז — אינה תואמת את סילבוס תשפ""ה שבמאגר; כתיבה אישית המצורפת ל-4048; עומק גבולי מול ביקורת והכרעה; הבהרה מפורשת שאין צורך בחשיפה אישית; החוט הרפלקסיבי חוזר ב-4055 וב-4057","לבחון מאיזה מקום יוצאת שאלת המחקר, מה היא מאפשרת לראות ומה היא מחמיצה, ולנסח אותה מחדש לאור הבחינה.",https://bgu365.sharepoint.com/:w:/s/-_bcadee/IQDi_5Ye11RnQLv1F1c7MZO8AUvToPcIngvvUbsmH4h1Wec?e=9kEKhN,מחקר אקדמי,רפלקציה מחקרית
4048,3006,נקודת מוצא מחקרית,מטלת שער 1 — הגשת תהליך העבודה במסמך אחד,א,5,עבודה,עמוד,אקדמי,קישור לידע אחר,תוצר חלקי,מובנה מלא,משולב,חומרי הקריאה של השער,אין צורך במקורות מעבר לחומרי השער; החומרים אינם מפורטים במטלה,לא צוין,לא צוין,כתיבה אקדמית | עמדה אפיסטמולוגית | מיומנויות מחקר,לכידות וקוהרנטיות | דעה מול טענה מבוססת | מודעות לעמדת הדובר | עיצוב מחקר,"אינו באינדקס — שויך ל-3006 לפי הנחיית המשתמש; גרסת תשפ""ז — אינה תואמת את סילבוס תשפ""ה שבמאגר; עובר/נדרש תיקון + משוב מלא; מועד 13/11/26 — שבוע 0 כי לוח השנה תשפ""ז לא אומת; מתנקזות אליה 4044–4047; חלקים 2–3 מועתקים מהגיליון, 1 ו-4 נכתבים מחדש כפסקאות",לאגד את ארבע המשימות השבועיות למסמך של עמוד שבו הטענה הראשונית והמיקום הרפלקסיבי נכתבים כפסקאות רציפות לצד שתי שאלות על אותה תופעה.,https://bgu365.sharepoint.com/:w:/s/-_bcadee/IQDi_5Ye11RnQLv1F1c7MZO8AUvToPcIngvvUbsmH4h1Wec?e=9kEKhN,מחקר אקדמי,מסמך תהליך מחקרי
4049,3006,מחלוקת תאורטית כמבנה השדה,"מטלה 5 — מיפוי שדה המחקר, חלק 1: מיפוי תאורטי",א,7,עבודה,עד עמוד,אקדמי,קישור לידע אחר,רכיב בודד,מכוון,אמפירי,פלט כלי AI | ספרות אקדמית שהסטודנט מאתר,פרומפט AI נתון למיפוי ראשוני ואחריו אימות מול המאמר או הספר המקורי; לספרים — תוכן עניינים וביקורות ספרים,שלישוני | משני,מאמר שפיט | ספר או פרק,הבנה מושגית | השוואה | ניתוח מקורות,הגדרה מדויקת | יחסים בין מושגים | מיקום עמדות על הציר | זיהוי הטענה המרכזית,"אינו באינדקס — שויך ל-3006 לפי הנחיית המשתמש; גרסת תשפ""ז — אינה תואמת את סילבוס תשפ""ה שבמאגר; חלק 1 מתוך 3 של מטלת שער 2 (מתנקז ל-4051); AI משולב ככלי עם חובת אימות; מועד 24/12/2026 בכותרת — סותר את 4051","למפות בעזרת AI ולאמת מול המקור את המושגים, המסגרות והמחלוקות התאורטיות בנושא, ולנמק באיזה ויכוח ובאיזו תאוריה ייעזר.",https://bgu365.sharepoint.com/:w:/s/-_bcadee/IQDi_5Ye11RnQLv1F1c7MZO8AUvToPcIngvvUbsmH4h1Wec?e=9kEKhN,מחקר אקדמי,סקירת ספרות
4050,3006,ידע אמפירי קיים ומחלוקות בממצאים,"מטלה 6 — מיפוי שדה המחקר, חלק 2: מיפוי אמפירי",א,8,עבודה,עד עמוד,אקדמי,קישור לידע אחר,רכיב בודד,מכוון,אמפירי,פלט כלי AI | מחקרים אמפיריים מהעולם ומישראל,פרומפט AI נתון; סיכום מחקר בעולם ובישראל; מאמר מרכזי אחד מפורק לרכיביו,שלישוני | משני,מאמר שפיט,ניתוח מקורות | השוואה,פירוק מבנה הטיעון | זיהוי הטענה המרכזית | זיהוי המשותף והמבחין,"אינו באינדקס — שויך ל-3006 לפי הנחיית המשתמש; גרסת תשפ""ז — אינה תואמת את סילבוס תשפ""ה שבמאגר; חלק 2 מתוך 3 של מטלת שער 2 (מתנקז ל-4051); ציר השוואה נתון (עולם מול ישראל); AI משולב ככלי","לסכם ממצאים, שיטות ומחלוקות אמפיריות בעולם ובישראל, להשוות ביניהם ולפרק מאמר מרכזי אחד לשאלה, תאוריה, שיטה וממצאים.",https://bgu365.sharepoint.com/:w:/s/-_bcadee/IQDi_5Ye11RnQLv1F1c7MZO8AUvToPcIngvvUbsmH4h1Wec?e=9kEKhN,מחקר אקדמי,סקירת ספרות
4051,3006,פער מחקרי,מטלת שער 2 — חלק 3: חזרה לשאלת המחקר והגשת המיפוי,א,10,עבודה,עד 2.5 עמודים (חלק 3: עד חצי עמוד),אקדמי,קישור לידע אחר,תוצר חלקי,מכוון,אמפירי,ספרות שאותרה ואומתה בחלקים 1–2,מקורות אקדמיים מאומתים במקור; רשימה מלאה לפי APA,משני,מאמר שפיט | ספר או פרק,מיומנויות מחקר | עמדה אפיסטמולוגית | כתיבה אקדמית,עיצוב מחקר | החזקת מורכבות | רגיסטר וביסוס אקדמי,"אינו באינדקס — שויך ל-3006 לפי הנחיית המשתמש; גרסת תשפ""ז — אינה תואמת את סילבוס תשפ""ה שבמאגר; עובר/נדרש תיקון, בדיקה מלאה; מתנקזות אליה 4049–4050; מועד: 'יימסר בהמשך' מול 24/12/2026 בכותרת 4049; עומק גבולי מול ביקורת והכרעה; פער מוגדר בהרחבה (מחלוקת, ממצאים סותרים, הקשר)","להשוות את שאלת המחקר לפני המיפוי ואחריו, לנמק את השינוי ולהגדיר את הפער המחקרי שהמחקר מבקש לברר.",https://bgu365.sharepoint.com/:w:/s/-_bcadee/IQDi_5Ye11RnQLv1F1c7MZO8AUvToPcIngvvUbsmH4h1Wec?e=9kEKhN,מחקר אקדמי,ניסוח שאלת מחקר ופער מחקרי
4052,3006,רצף מחקרי — מספרות להשערה,מטלת שער 3 — כתיבת הצעת מחקר,א,13,עבודה,3.5–4 עמודים,אקדמי,קישור לידע אחר,תוצר חלקי,מכוון,אמפירי,"12 מקורות אקדמיים לפחות (8 באנגלית, 4 בעברית)",עיקר הספרות האמפירית מחמש השנים האחרונות; מקורות קאנוניים לתאוריה; אימות כל מקור במאגר,משני,מאמר שפיט | ספר או פרק,כתיבה אקדמית | מיומנויות מחקר | השוואה,בניית טיעון | לכידות וקוהרנטיות | עיצוב מחקר | זיהוי המשותף והמבחין,"אינו באינדקס — שויך ל-3006 לפי הנחיית המשתמש; גרסת תשפ""ז — אינה תואמת את סילבוס תשפ""ה שבמאגר; עובר/נדרש תיקון — תנאי מעבר; מועד 17/01/2027 בכותרת מול 'יימסר בהמשך' בטבלה; שאלות באישור מראש; AI מותר, פסילה על מקור מומצא; עומק גבולי מול יצירה מקורית; משמשת בסיס ל-4057","לכתוב הצעת מחקר שבה סקירת ספרות סינתטית מובילה לשאלה כמותית ואיכותנית משלימות, להשערה כיוונית ולטיעון איכותני ראשוני.",https://bgu365.sharepoint.com/:w:/s/-_bcadee/IQDi_5Ye11RnQLv1F1c7MZO8AUvToPcIngvvUbsmH4h1Wec?e=9kEKhN,מחקר אקדמי,הצעת מחקר
4053,3006,ארכיטקטורת הטיעון במאמר אמפירי,פרזנטציה קבוצתית — האנטומיה של מאמר אמפירי,ב,2,הצגה,"10 שקפים, 15 דקות + 5 דקות דיון",אקדמי,חילוץ ופירוק,תוצר חלקי,מובנה מלא,אמפירי,מאמר אמפירי אחד (כמותי או איכותני) באישור מראש,המאמר הוא מושא הניתוח ולא מקור לטענות,ראשוני,מאמר שפיט,ניתוח מקורות | מיומנויות מחקר | ביקורת והערכה,פירוק מבנה הטיעון | הבחנה בין תיאור לפרשנות | הצגת ממצאים | חולשות בראיות,"אינו באינדקס — שויך ל-3006 לפי הנחיית המשתמש; גרסת תשפ""ז — אינה תואמת את סילבוס תשפ""ה שבמאגר; המטלה הקבוצתית היחידה בסדרה; ציון לפי מחוון, 15%; סמסטר ושבוע אינם מצוינים; מבנה שקף-אחר-שקף; שקפים 9–10 נוגעים בפרשנות ובביקורת","לפרק בקבוצה מאמר אמפירי שקף אחר שקף ולהראות איזה תפקיד ממלא כל חלק בבניית הטיעון המחקרי, מהמבוא ועד המגבלות.",https://bgu365.sharepoint.com/:w:/s/-_bcadee/IQDi_5Ye11RnQLv1F1c7MZO8AUvToPcIngvvUbsmH4h1Wec?e=9kEKhN,מחקר אקדמי,הצגה בעל-פה
4054,3006,אופרציונליזציה — ממושג לפריט,מטלת שער 4 — בניית שאלון ותכנית איסוף נתונים,ב,3,עבודה,שאלון עד 25 פריטים + מסמך נלווה עד עמוד,אקדמי,קישור לידע אחר,תוצר חלקי,מובנה מלא,אמפירי,ספרות מהצעת המחקר | סולמות קיימים | פיילוט,הגדרה תאורטית ומקור לכל משתנה; פיילוט עם 3–5 משתתפים; נתוני סקר שהסטודנט מייצר (30 משיבים לפחות),ראשוני | משני,נתונים וסטטיסטיקה | מאמר שפיט,מיומנויות מחקר | הבנה מושגית | ביסוס קשרים סיבתיים,בניית כלי ואיסוף | פירוק מושג לרכיביו | הגדרה מדויקת | מתאם מול סיבתיות,"אינו באינדקס — שויך ל-3006 לפי הנחיית המשתמש; גרסת תשפ""ז — אינה תואמת את סילבוס תשפ""ה שבמאגר; עובר/נדרש תיקון; מועד 19/03/2027, פיילוט בתרגול השבוע הרביעי — שבוע 0 כי לוח השנה לא אומת; הפצה רק באישור המתרגלת; אתיקה (הסכמה מדעת) — אין לה תא בטקסונומיה; עומק גבולי מול יצירה מקורית","לתרגם את השאלה וההשערה הכמותיות לשאלון מקוון, להציג בטבלה את המעבר מהגדרה תאורטית לפריטים, להריץ פיילוט ולתכנן גיוס של 30 משיבים.",https://bgu365.sharepoint.com/:w:/s/-_bcadee/IQDi_5Ye11RnQLv1F1c7MZO8AUvToPcIngvvUbsmH4h1Wec?e=9kEKhN,מחקר אקדמי,כלי מחקר — שאלון
4055,3006,ריאיון עומק כמפגש מחקרי,מטלת שער 5 — בניית מדריך ריאיון ותכנית יציאה לשדה,ב,7,עבודה,"מדריך 8–10 שאלות + מסגרת מחקר, תכנית גיוס ותבנית יומן שדה",אקדמי,קישור לידע אחר,תוצר חלקי,מובנה מלא,אמפירי,לא צוין,אין קריאה מחייבת במטלה; הראיונות עצמם ייערכו רק לאחר האישור,ראשוני,ריאיון שהסטודנט מייצר,מיומנויות מחקר | עמדה אפיסטמולוגית,בניית כלי ואיסוף | עיצוב מחקר | מודעות לעמדת הדובר,"אינו באינדקס — שויך ל-3006 לפי הנחיית המשתמש; גרסת תשפ""ז — אינה תואמת את סילבוס תשפ""ה שבמאגר; עובר/נדרש תיקון; מועד 15/04/2027 — שבוע 0 כי לוח השנה לא אומת; סימולציה בתרגול לפני ההגשה; אתיקה וסודיות — אין לה תא בטקסונומיה; עומק גבולי מול יצירה מקורית; ביצוע הראיונות אינו חלק מההגשה","להגדיר אוכלוסייה הומוגנית, לתכנן גיוס ותיעוד, ולבנות מדריך ריאיון חצי מובנה ותבנית ליומן שדה רפלקסיבי.",https://bgu365.sharepoint.com/:w:/s/-_bcadee/IQDi_5Ye11RnQLv1F1c7MZO8AUvToPcIngvvUbsmH4h1Wec?e=9kEKhN,מחקר אקדמי,כלי מחקר — מדריך ריאיון
4056,3006,מנתונים לממצאים — גבולות ההסקה,שער 6 — דפי עבודה: מעיבוד הנתונים לכתיבת הממצאים,ב,10,עבודה,לא צוין (מסמך עזר ללא הגשה עצמאית),אקדמי,פרשנות,תוצר חלקי,מובנה מלא,אמפירי,נתוני הסקר (30 משיבים לפחות) | תמלולי ראיונות (2–4),נתונים שהסטודנט ייצר בשערים 4–5,ראשוני,נתונים וסטטיסטיקה | ריאיון שהסטודנט מייצר,מיומנויות מחקר | ניתוח מקורות | ביסוס קשרים סיבתיים | עמדה אפיסטמולוגית,ניתוח נתונים | כריית עדויות מחומר גולמי | מתאם מול סיבתיות | החזקת מורכבות,"אינו באינדקס — שויך ל-3006 לפי הנחיית המשתמש; גרסת תשפ""ז — אינה תואמת את סילבוס תשפ""ה שבמאגר; מסמך עזר — אינו מוסיף רכיבי הגשה, תוצריו מוגשים ב-4057; ניתוח כמותי תיאורי בלבד; עומק גבולי מול קישור לידע אחר (מטריצת אינטגרציה); יומן החלטות; AI עם הסרת מזהים","לעבד את נתוני הסקר למדדים ולהשוואה תיאורית אחת, לקודד את התמלולים לשתי תמות, ולחבר ביניהם במטריצת אינטגרציה לקראת פרק הממצאים.",https://bgu365.sharepoint.com/:w:/s/-_bcadee/IQDi_5Ye11RnQLv1F1c7MZO8AUvToPcIngvvUbsmH4h1Wec?e=9kEKhN,מחקר אקדמי,דף עבודה מחקרי
4057,3006,טיעון מחקרי משולב,מטלה מסכמת — פרו־סמינריון במחקר משולב,ב,13,עבודה,10–11 עמודים,אקדמי,ביקורת והכרעה,תוצר שלם,מובנה מלא,אמפירי,"ספרות (8 באנגלית, 4 בעברית לפחות) | מקור מתודולוגי אחד | נתוני סקר | תמלולי ראיונות","הצעת המחקר המתוקנת (4052) היא הבסיס; נספחים: שאלון, מדריך ותמלולים",ראשוני | משני,מאמר שפיט | ספר או פרק | נתונים וסטטיסטיקה | ריאיון שהסטודנט מייצר,מיומנויות מחקר | כתיבה אקדמית | ביקורת והערכה | עמדה אפיסטמולוגית,הצגת ממצאים | בניית טיעון | חולשות בראיות | מודעות לעמדת הדובר,"אינו באינדקס — שויך ל-3006 לפי הנחיית המשתמש; גרסת תשפ""ז — אינה תואמת את סילבוס תשפ""ה שבמאגר; ציון מספרי לפי מחוון, 65%; מועד 31/08/2027 — אחרי סוף סמסטר ב, שבוע 0; מתנקזות אליה 4044–4056 — פיגום חזק; הסקה תיאורית בלבד; 'אובייקטיביות חזקה' סוגרת את חוט 4047; 15%+65% — 20% הנותרים אינם מצוינים","להשלים מחקר משולב של סקר וראיונות — מבוא, ספרות, שיטה, ממצאים ואינטגרציה ודיון רפלקסיבי — לטיעון מחקרי אחד.",https://bgu365.sharepoint.com/:w:/s/-_bcadee/IQDi_5Ye11RnQLv1F1c7MZO8AUvToPcIngvvUbsmH4h1Wec?e=9kEKhN,מחקר אקדמי,עבודת מחקר
4060,3017,גבולות הציות בדמוקרטיה,מטלה 3 — אי-ציות אזרחי לפי רולס: הצגת מקרה בוחן,א,13,הצגה,5–7 דקות לזוג; 3–4 שקפים; חלופה כתובה עד שני עמודים,אקדמי,קישור לידע אחר,רכיב בודד,מכוון,משולב,רולס | מקרה בוחן שהסטודנטים בוחרים,"רולס, ההצדקה לאי-ציות אזרחי (2008, עמ' 147–165) לפי הסילבוס; המטלה אינה מפנה לפרק; מקורות המקרה אינם מוגדרים; אבינרי בתרגול 9 כרקע",ראשוני,ספר או פרק,הבנה מושגית | ניתוח מקורות,פירוק מושג לרכיביו | יישום על מקרה חדש | כריית עדויות מחומר גולמי,"אינו באינדקס — שויך ל-3017 לפי שם הקובץ וכותרתו; הכותרת במסמך ""מטלה שנייה"" אף שזו המטלה השלישית בסילבוס; בזוגות ובעל-פה בתרגול 11; שבוע 13 חושב מתאריך ההגשה 21.1.2026 מול פתיחת הסמסטר 27.10.2025; מועד העלאת המצגת כתוב 27.1.2025 — כנראה טעות שנה; חלופה כתובה באישור — דורשת הצגה תיאורטית ומבוא וסיכום ומתירה פסקת ביקורת; עמדת AI לא צוינה; 10% מהציון; ניסוח ""להראות כיצד"" מניח שהמקרה תואם; 4058 ו-4059 זהות מילה במילה ל-4010 ו-4011 ולא נוספו",לבחור בזוג אירוע של אי-ציות אזרחי במדינה דמוקרטית ולהציג בעל-פה ב-5–7 דקות כיצד לפחות שניים מתנאי רולס לאי-ציות אזרחי באים בו לידי ביטוי.,,,
